plotlocation,x,y,longitude,latitude
LI D 2,189059.5373,1996667.537,-77.93676166,18.03627346
LI C 2,189098.8968,1996697.337,-77.93639475,18.03654809
LI B.5 2,189127.351,1996711.413,-77.93612837,18.03667923
LI B 2,189148.9966,1996722.213,-77.93592575,18.03677982
LI A.5 2,189171.2995,1996728.239,-77.93571621,18.03683742
LI A 2,189190.8066,1996734.822,-77.93553313,18.03689963
LI A 3,189214.9805,1996694.422,-77.93529898,18.03653842
LI B 3,189167.9053,1996677.482,-77.93574063,18.03637875
LI B 2.5,189160.5331,1996698.94,-77.93581341,18.0365714
LI C 3,189128.1936,1996650.151,-77.93611124,18.03612635
LI D 3,189082.2128,1996620.39,-77.93654064,18.03585112
LI D 4,189100.325,1996575.054,-77.93636295,18.03544448
LI C.5 4,189128.3515,1996591.437,-77.93610095,18.03559639
LI C 4,189150.09,1996602.639,-77.93589751,18.03570062
LI C.5 3,189137.5198,1996625.632,-77.93601957,18.03590637
LI B.5 4,189165.7643,1996627.105,-77.93575328,18.03592371
LI B 4,189199.4979,1996633.981,-77.93543601,18.03599061
LI B 3.5,189187.7734,1996651.828,-77.93554932,18.03615004
LI A 4,189230.199,1996651.956,-77.93514902,18.03615727
LI A 3.5,189225.4531,1996677.305,-77.9351976,18.0363854
LI A 4.5,189249.2412,1996631.747,-77.93496632,18.03597758
LI A 5,189260.1742,1996608.891,-77.93485974,18.03577283
LI B 5,189211.626,1996577.905,-77.93531318,18.03548617
LI B 4.5,189204.0646,1996604.364,-77.93538849,18.03572392
LI B.5 5,189191.968,1996564.732,-77.93549669,18.03536445
LI C 5,189174.6348,1996558.872,-77.93565936,18.03530907
LI C 4.5,189159.8881,1996576.931,-77.93580121,18.03546997
LI C.5 5,189149.2067,1996545.216,-77.93589725,18.03518215
LI D 5,189127.4925,1996531.193,-77.93610003,18.03505247
LI D 4.5,189117.4611,1996552.458,-77.93619787,18.03524298
LI D 5.5,189139.8111,1996514.65,-77.93598132,18.0349049
LI D 6,189158.0312,1996491.601,-77.93580595,18.03469946
LI C 6,189202.1406,1996516.639,-77.9353935,18.03493179
LI C 5.5,189185.6062,1996537.775,-77.93555268,18.0351202
LI C 6.5,189220.3623,1996498.377,-77.93521883,18.03476955
LI B 6,189243.2021,1996537.236,-77.93500915,18.03512359
LI B 5.5,189224.8514,1996555.766,-77.93518507,18.03528823
LI A 6,189291.2635,1996563.591,-77.9345596,18.03536837
LI A 6.5,189308.3451,1996545.211,-77.93439568,18.03520492
LI A 7,189317.2389,,-77.93430818,18.03499084
LI B 7,189274.3298,1996497.463,-77.93470948,18.03476903
LI B 6.5,189258.3788,1996518.888,-77.9348632,18.03496015
LI B 7.5,189291.6946,1996480.06,-77.93454303,18.03461443
LI B 8,189306.4856,1996457.61,-77.9344001,18.0344139
LI B 8.5,189324.8472,1996435.012,-77.93422347,18.03421255
LI B 9,189340.6322,1996416.467,-77.93407175,18.0340474
LI C 7,189240.1737,1996475.37,-77.93502845,18.03456471
LI C 7.5,189249.58,1996452.024,-77.9349362,18.03435532
LI C 8,189265.8536,1996429.777,-77.93477932,18.03415684
LI D 8,189223.2024,1996415.347,-77.9351796,18.03402048
LI D 8.5,189239.1717,1996395.046,-77.93502588,18.03383951
LI D 9,189259.8238,1996379.79,-77.93482873,18.03370476
LI C 9,189295.5191,1996389.299,-77.93449335,18.0337957
LI C 8.5,189281.2267,1996410.882,-77.93463144,18.03398848
LI D 7,189192.411,1996452.624,-77.93547572,18.03435255
LII H 6,188514.7389,1997242.677,-77.94198855,18.04138684
LII H 6.5,188540.1039,1997237.802,-77.94174847,18.04134648
LII H 7,188572.6628,1997249.829,-77.94144306,18.04145973
LII H 7.5,188594.7032,1997253.701,-77.94123567,18.04149784
LII H 8,188619.6412,1997256.364,-77.94100076,18.04152546
LII H 8.5,188647.5393,1997252.658,-77.94073696,18.04149601
LII H 9,188673.1815,1997255.941,-77.94049549,18.04152933
LII H 9.5,188692.6275,1997257.608,-77.94031225,18.04154718
LII H 10,188722.7828,1997260.923,-77.9400282,18.04158142
LII H 10.5,188747.9686,1997263.119,-77.93979088,18.04160486
LII H 11,188771.6704,1997264.407,-77.93956743,18.04161989
LII I 11,188767.2176,1997318.6,-77.93961758,18.04210844
LII H 10.5,188746.3754,1997315.815,-77.93981383,18.0420803
LII I 10,188719.8606,1997312.556,-77.94006353,18.04204708
LII H.5 10,188719.6869,1997283.456,-77.9400608,18.04178438
LII I 9.5,188694.8479,1997307.968,-77.94029886,18.04200207
LII I 9,188669.3837,1997306.34,-77.94053889,18.04198372
LII H.5 9,188670.8354,1997281.014,-77.94052139,18.04175532
LII I 8.5,188654.0185,1997311.849,-77.94068471,18.04203124
LII I 8,188619.4831,1997308.039,-77.94101001,18.04199189
LII H.5 8,188624.2568,1997281.822,-77.94096103,18.04175593
LII I 7.5,188598.3536,1997301.928,-77.94120847,18.04193369
LII I 7,188569.8203,1997299.724,-77.94147737,18.0419097
LII H.5 7,188569.8365,1997281.322,-77.94147446,18.04174359
LII I 6.5,188545.9377,1997300.133,-77.94170279,18.04190996
LII I 6,188518.3205,1997292.834,-77.94196229,18.0418401
LII H.5 6,188517.0943,1997268.534,-77.94197021,18.04162058
LII I 5.5,188493.5725,1997293.241,-77.94219587,18.04184022
LII I 5,188466.4148,1997289.863,-77.94245162,18.04180583
LII I.5 5,188468.0017,1997321.973,-77.94244147,18.04209591
LII J 5,188463.6983,1997348.226,-77.94248602,18.04233226
LII J 5.5,188486.7916,1997345.419,-77.94226769,18.04231024
LII J 6,188509.4407,1997352.957,-77.94205511,18.04238154
LII I.5 6,188517.4879,1997319.835,-77.9419742,18.04208371
LII J 6.5,188535.7497,1997350.35,-77.94180646,18.04236179
LII J 7,188564.8837,1997351.328,-77.9415317,18.0423748
LII I.5 7,188565.9863,1997326.991,-77.94151764,18.04215527
LII J 7.5,188589.1442,1997352.11,-77.9413029,18.04238534
LII J 8,188615.0132,1997355.367,-77.94105929,18.04241846
LII I.5 8,188618.8603,1997331.24,-77.94101937,18.04220123
LII J 8.5,188638.7064,1997354.333,-77.94083557,18.04241253
LII J 9,188665.8937,1997357.546,-77.94057951,18.04244543
LII I.5 9,188665.7068,1997333.428,-77.94057765,18.04222771
LII J 9.5,188690.4043,1997357.266,-77.94034819,18.04244643
LII J 10,188712.6669,1997361.907,-77.94013882,18.04249152
LII I.5 10,188717.1831,1997337.571,-77.94009255,18.0422725
LII J 10.5,188737.0444,1997362.34,-77.93990886,18.04249892
LII J 11,188761.9505,1997364.714,-77.9396742,18.04252393
LII K 11,188764.0727,1997406.783,-77.93966049,18.04290398
LII K 10.5,188736.9838,1997403.562,-77.93991561,18.04287102
LII K 10,188708.9967,1997398.805,-77.94017899,18.04282406
LII K 9.5,188684.6684,1997402.025,-77.94040903,18.04284963
LII K 9,188662.7524,1997399.767,-77.94061549,18.0428261
LII K 8.5,188639.3319,1997399.249,-77.94083641,18.04281806
LII K 8,188619.1023,1997400.851,-77.94102754,18.04282962
LII J.5 8,188617.9943,1997377.976,-77.94103456,18.04262297
LII K 7.5,188590.4324,1997397.21,-77.94129752,18.04279263
LII K 7,188564.2022,1997396.374,-77.9415449,18.04278132
LII J.5 7,188563.2304,1997376.969,-77.94155115,18.04260602
LII K 6.5,188536.4123,1997394.516,-77.94180684,18.04276055
LII K 6,188515.3313,1997401.362,-77.94200679,18.04281932
LII J.5 6,188518.8615,1997380.22,-77.94197031,18.04262898
LII K 5.5,188483.6891,1997401.839,-77.94230544,18.04281908
LII K 5,188458.404,1997401.266,-77.94254394,18.04281027
LII L 5,188460.2638,,-77.94253359,18.04324285
LII L 5.5,188486.465,1997453.531,-77.94228701,18.04328608
LII L 6,188511.1044,1997447.417,-77.94205359,18.04323444
LII K.5 6,188510.9333,1997424.128,-77.94205171,18.04302419
LII L 6.5,188535.6342,1997451.841,-77.9418228,18.04327789
LII L 7,188558.0766,1997452.485,-77.94161113,18.04328693
LII K.5 7,188560.1097,1997423.01,-77.94158752,18.04302117
LII L 7.5,188586.5522,1997447.833,-77.94134173,18.04324903
LII L 8,188612.6778,1997450.602,-77.94109563,18.04327777
LII K.5 8,188615.8434,1997426.132,-77.94106208,18.04305735
LII L 8.5,188630.2057,1997451.502,-77.94093037,18.04328842
LII L 9,188657.2682,1997451.62,-77.94067502,18.04329337
LII K.5 9,188663.305,1997423.357,-77.94061382,18.04303912
LII L 9.5,188678.6184,1997457.7,-77.94047448,18.04335132
LII L 10,188701.8183,1997449.078,-77.94025427,18.04327682
LII L 10.5,188724.3473,1997455.79,-77.94004269,18.04334064
LII L 11,188747.8724,1997458.112,-77.93982106,18.04336498
MI A.5 1.5,189034.3644,1996690.593,-77.93700264,18.03647796
MI A 2,189059.115,1996667.374,-77.93676562,18.03627192
MI A.5 1,189010.2991,1996685.532,-77.93722896,18.03642883
MI B 1,189001.8978,1996702.381,-77.93731075,18.03657971
MI B 1.5,189022.2885,1996712.77,-77.93711991,18.03667642
MI B 2,189049.3655,1996724.86,-77.93686623,18.03678943
MI A.5 2,189060.6859,1996697.543,-77.93675532,18.03654447
MI B 2.5,189069.5479,1996729.549,-77.9366765,18.03683465
MI B.5 2,189037.6308,1996748.193,-77.93698045,18.03699836
MI B.5 1,188992.7125,1996727.7,-77.93740122,18.03680694
MI C 2,189029.0294,1996773.762,-77.93706545,18.03722793
MI C 2.5,189054.2489,1996778.085,-77.93682813,18.03727058
MI C.5 2.5,189044.8898,1996791.903,-77.93691851,18.03739396
MI C.5 2,189021.4197,1996795.296,-77.93714048,18.03742122
MI D 2,189013.2131,1996809.348,-77.93722002,18.03754689
MI D 2.5,189034.477,1996820.317,-77.93702102,18.03764895
MI D 3,189056.7687,1996828.565,-77.93681192,18.0377266
MI D.5 3,189046.2053,1996856.365,-77.93691576,18.03797603
MI D.5 3.5,189065.0853,1996865.526,-77.93673899,18.03806142
MI D.5 2.5,189023.8743,1996845.798,-77.93712489,18.03787744
MI E 2,188992.2525,1996859.238,-77.93742528,18.03799422
MI E 2.5,189018.3056,1996869.729,-77.93718102,18.03809266
MI E 3,189038.8488,1996877.417,-77.93698833,18.038165
MI E 3.5,189058.704,1996889.548,-77.9368028,18.03827736
MI E.5 3,189025.331,1996902.947,-77.93711971,18.03839351
MI E.5 2.5,189004.3171,1996894.924,-77.93731679,18.03831808
MI E.5 2,188985.6391,1996883.43,-77.93749131,18.03821165
MI F 2.5,188991.2022,1996919.632,-77.93744424,18.03853923
MI F 3,189012.0677,1996930.825,-77.93724904,18.03864326
MI F 3.5,189040.0861,1996935.287,-77.93698533,18.03868755
MI F 4,189063.2552,1996943.444,-77.93676794,18.0387645
MI F.5 4,189056.4311,1996968.113,-77.93683603,18.0389862
MI F.5 2.5,188980.6442,1996941.978,-77.93754722,18.03873942
MI G 2,188949.8008,1996952.791,-77.93783987,18.03883261
MI G 2.5,188972.5144,1996966.124,-77.93762755,18.03895622
MI G 3,188998.6982,1996974.352,-77.93738172,18.03903424
MI G 3.5,189021.0893,1996982.738,-77.9371717,18.03911315
MI G 4,189045.2506,1996995.424,-77.93694562,18.03923113
MI G.5 4,189045.646,1997020.027,-77.93694557,18.03945327
MI G.5 3.5,189014.7644,1997011.491,-77.93723569,18.03937179
MI G.5 3,188990.2752,1996998.269,-77.93746478,18.03924893
MI G.5 2.5,188965.35,1996991.141,-77.9376989,18.03918101
MI H 2,188936.7709,1997002.935,-77.93797034,18.03928337
MI H 2.5,188959.1642,1997011.45,-77.93776031,18.03936345
MI H 3,188979.6908,1997023.887,-77.93756849,18.03947865
MI H 3.5,189002.0113,1997032.448,-77.93735917,18.03955913
MI H 4,189025.9749,1997042.94,-77.93713462,18.03965728
MI H.5 4,189018.1744,1997064.898,-77.93721152,18.03985436
MI I 4,189007.2385,1997093.455,-77.93731899,18.04011057
MI H.5 3,188974.6705,1997045.889,-77.93761916,18.03967654
MI I 2.5,188939.0354,1997058.797,-77.93795735,18.03978795
MI I 2,188923.336,1997045.46,-77.93810348,18.0396653
MI H.5 2,188931.4999,1997022.236,-77.93802297,18.03945684
MII G 5,188468.4974,1997189.527,-77.94241689,18.04090044
MII F.5 5,188469.7664,1997169.609,-77.94240193,18.04072083
MII F 5,188471.7424,1997148.257,-77.94238008,18.04052837
MII E.5 5,188473.0006,1997118.763,-77.94236377,18.04026232
MII E 5,188474.3067,1997096.91,-77.94234817,18.04006525
MII D.5 5,188478.9725,1997077.169,-77.94230118,18.03988773
MII D 5,188479.288,1997043.542,-77.94229315,18.03958423
MII C.5 5,188481.2044,1997019.482,-77.94227145,18.03936733
MII C 5,188476.1117,1996999.12,-77.94231645,18.0391828
MII G 5.5,188491.9769,1997189.488,-77.94219534,18.04090346
MII F.5 5.5,188492.7429,1997169.149,-77.94218506,18.04071997
MII F 5.5,188495.1594,1997149.136,-77.94215925,18.04053967
MII E.5 5.5,188496.8741,1997122.574,-77.94213908,18.04030015
MII E 5.5,188496.8284,1997097.642,-77.94213577,18.04007509
MII D.5 5.5,188498.2911,1997073.446,-77.94211833,18.0398569
MII D 5.5,188503.0266,1997050.235,-77.94207016,18.03964806
MII C.5 5.5,188500.6699,1997022.518,-77.94208824,18.03939753
MII C 5.5,188500.5139,1997001.736,-77.94208659,18.03920992
MII C 6,188524.066,1997000.45,-77.94186416,18.0392017
MII C.5 6,188528.5047,1997023.562,-77.94182575,18.03941095
MII D 6,188528.6293,1997053.148,-77.94182902,18.03967803
MII E 6,188526.4392,1997098.032,-77.94185642,18.04008287
MII E.5 6,188525.5903,1997123.279,-77.94186822,18.04031064
MII F 6,188522.1691,1997149.957,-77.94190451,18.04055096
MII F.5 6,188517.4954,1997172.466,-77.94195199,18.04075348
MII G 6,188519.1872,1997192.862,-77.94193909,18.04093782
MII G 7,188573.0474,1997199.272,-77.94143184,18.04100342
MII G 7.5,188598.9055,1997202.148,-77.94118828,18.0410331
MII G 8,188621.8983,1997206.164,-77.94097192,18.04107265
MII F 6.5,188547.2063,1997152.172,-77.9416686,18.04057456
MII E 6.5,188546.9394,1997099.718,-77.94166324,18.04010103
MII D 6.5,188551.053,1997049.649,-77.94161691,18.03964967
MII C.5 6.5,188555.3539,1997023.442,-77.94157239,18.03941372
MII C 6.5,188549.647,1997002.672,-77.94162312,18.03922542
MII C 7,188577.7221,1997006.364,-77.94135876,18.03926279
MII C.5 7,188574.4269,1997035.692,-77.94139426,18.03952704
MII D 7,188574.5034,1997052.041,-77.94139599,18.03967463
MII D.5 7,188566.9238,1997076.382,-77.94147117,18.03989326
MII E 7,188572.384,1997106.697,-77.9414242,18.04016768
MII F 7,188574.546,1997148.346,-77.94141005,18.04054395
MII F 7.5,188598.0303,1997155.813,-77.94118958,18.04061472
MII E 7.5,188602.9897,1997102.78,-77.94113482,18.04013672
MII D.5 7.5,188595.5906,1997080.488,-77.94120129,18.03993444
MII D 7.5,188599.0136,1997053.431,-77.94116493,18.03969069
MII C.5 7.5,188599.3962,1997028.408,-77.94115756,18.03946488
MII C 7.5,188601.8992,1997006.67,-77.94113068,18.03926902
MII C 8,188626.0647,1997006.556,-77.94090264,18.03927146
MII C.5 8,188625.86,1997029.671,-77.94090804,18.03948008
MII D 8,188623.0324,1997053.287,-77.94093827,18.03969284
MII D.5 8,188620.2215,1997078.948,-77.94096865,18.03992408
MII E 8,188624.9557,1997108.055,-77.94092834,18.0401875
MII F 8,188623.9584,1997159.336,-77.94094545,18.04065024
MII F 8.5,188649.479,1997162.035,-77.94070505,18.04067827
MII F 9,188672.5847,1997160.305,-77.94048677,18.04066598
MII F 9.5,188689.7866,1997164.134,-77.94032503,18.04070301
MII E 8.5,188648.4635,1997112.84,-77.94070725,18.04023406
MII D.5 8.5,188644.8315,1997083.287,-77.94073708,18.03996678
MII D 8.5,188646.8874,1997060.64,-77.94071428,18.03976264
MII C.5 8.5,188650.0348,1997036.599,-77.94068097,18.03954609
MII C 8.5,188649.7708,1997005.611,-77.94067881,18.03926633
MII C 9,188678.624,1997009.002,-77.94040707,18.03930108
MII C.5 9,188675.225,1997034.628,-77.94044299,18.03953192
MII D 9,188675.4917,1997058.021,-77.94044398,18.03974311
MII D.5 9,188669.6506,1997087.651,-77.94050355,18.04000974
MII E 9,188674.5159,1997112.156,-77.94046132,18.04023163
MII E 9.5,188704.2126,1997111.094,-77.94018094,18.0402263
MII E 10,188725.7576,1997118.632,-77.93997878,18.04029745
MII C.5 9.5,188702.7543,1997034.584,-77.94018322,18.03953547
MII C 9.5,188706.8758,1997009.979,-77.94014064,18.03931396
MII C 10,188733.4702,1997015.366,-77.93989051,18.03936641
MM A 0.5,188424.0496,1997438.95,-77.94287377,18.04314549
MM A.5 0.5,188398.6024,1997433.049,-77.943113,18.04308857
MM B 0.5,188375.237,1997433.86,-77.9433336,18.04309253
MM B 1,188377.9557,1997409.038,-77.94330422,18.04286886
MM A.5 1,188400.3851,1997408.726,-77.94309253,18.04286927
MM A 1,188425.6141,1997410.693,-77.94285476,18.04289066
MM A 1.5,188424.2107,1997382.259,-77.94286373,18.04263379
MM A.5 1.5,188401.3393,1997384.402,-77.94307987,18.04264985
MM B 1.5,188374.9518,1997384.402,-77.94332886,18.04264606
MM B 2,188374.5616,1997363.583,-77.94332941,18.04245807
MM A 2,188428.5994,1997355.798,-77.94281835,18.04239557
MM A 2.5,188420.3938,1997330.495,-77.94289197,18.04216598
MM B 2.5,188375.049,1997330.683,-77.94331987,18.04216117
MM C 3,188327.1522,1997312.605,-77.9437691,18.0419911
MM B.5 3,188357.3094,1997304.468,-77.94348332,18.04192199
MM B 3,188377.1887,1997309.323,-77.94329647,18.04196866
MM A 3,188424.7427,1997307.331,-77.94284746,18.04195752
MM A 3.5,188426.7768,1997282.491,-77.94282453,18.04173359
MM B 3.5,188375.6144,1997281.487,-77.94330714,18.04171718
MM B.5 3.5,188356.3148,1997282.22,-77.94348936,18.04172102
MM C 3.5,188333.569,1997285.238,-77.94370444,18.04174498
MM C 4,188342.1921,1997259.913,-77.94361927,18.04151763
MM B 4,188378.7541,1997252.756,-77.9432732,18.04145829
MM A 4,188432.4323,1997255.293,-77.94276708,18.04148889
MM A 4.5,188431.1375,1997237.919,-77.94277669,18.04133189
MM B 4.5,188381.3608,1997236.397,-77.94324614,18.04131099
MM B.5 4.5,188366.3674,1997235.242,-77.94338745,18.04129841
MM C 4.5,188341.0757,1997235.41,-77.94362612,18.04129629
MM C 5,188348.3275,1997212.857,-77.94355431,18.04109376
MM B 5,188388.2956,1997215.603,-77.94317758,18.04112428
MM A 5,188429.3911,1997215.803,-77.94278984,18.041132
MM A 5.5,188432.5356,1997188.433,-77.94275606,18.04088539
MM B 5.5,188389.0375,1997184.909,-77.94316597,18.04084733
MM B.5 5.5,188368.4259,1997185.297,-77.94336052,18.04084787
MM C,188342.1628,1997181.683,-77.94360779,18.04081147
MM C 6,188342.6289,1997163.239,-77.94360062,18.04064505
MM B.5 6,188368.703,1997162.801,-77.94335452,18.04064484
MM B 6,188393.5353,1997158.647,-77.94311959,18.04061092
MM A 6,188434.0499,1997160.817,-77.94273762,18.04063633
MM A 6.5,188434.0565,1997135.029,-77.94273369,18.04040355
MM B 6.5,188394.5963,1997135.432,-77.94310609,18.04040152
MM B.5 6.5,188371.2065,1997133.593,-77.94332651,18.04038156
MM C 6.5,188343.9796,1997135.807,-77.94358375,18.04039763
MM B.5 7,188373.2169,1997114.465,-77.94330467,18.04020919
MM B 7,188395.8112,1997112.642,-77.9430912,18.04019598
MM A.5 7,188416.5045,1997113.327,-77.94289604,18.04020513
MM A 7,188442.0704,1997112.122,-77.94265463,18.04019793
MM A 7.5,188448.7658,1997089.546,-77.94258806,18.03999511
MM A.5 7.5,188415.0275,1997085.386,-77.94290578,18.03995271
MM B 7.5,188398.743,1997089.954,-77.94306013,18.0399916
MM B 8,188394.9516,1997063.077,-77.94309186,18.03974845
MM B 8.5,188392.3498,1997040.421,-77.94311301,18.03954357
MM B 9,188395.7452,1997016.638,-77.9430774,18.03932938
MM B 9.5,188403.516,1996995.633,-77.94300092,18.03914089
MM A 8,188456.7247,1997065.295,-77.94250932,18.03977735
MM A 8.5,188456.2373,1997041.978,-77.94251042,18.03956681
MP1 D 1,189252.2313,1997102.938,-77.93500869,18.0402313
MP1 D 1.5,189240.6491,1997128.666,-77.93512183,18.04046188
MP1 D 2,189233.1968,1997147.578,-77.93519499,18.04063152
MP1 C.5 2,189211.932,1997138.757,-77.93539432,18.04054885
MP1 C 2,189195.4119,1997130.915,-77.93554902,18.04047569
MP1 C 2.5,189186.0868,1997155.613,-77.93564072,18.04069729
MP1 C.5 2.5,189209.0507,1997163.048,-77.93542514,18.0407677
MP1 B.5 2.5,189163.6485,1997148.845,-77.93585143,18.04063299
MP1 B 2.5,189140.4631,1997142.289,-77.93606922,18.04057049
MP1 B.5 2,189172.2294,1997125.553,-77.93576697,18.04042397
MP1 B 2,189148.7058,1997118.124,-77.93598782,18.04035354
MP1 A.5 2,189127.6698,1997113.971,-77.93618569,18.04031303
MP1 B 1.5,189154.5308,1997093.343,-77.93592914,18.04013069
MP1 B 1,189155.0689,1997075.035,-77.93592132,18.0399655
MP1 B.5 1.5,189178.5074,1997100.488,-77.93570397,18.04019862
MP1 B.5 1,189182.9965,1997077.943,-77.93565824,18.03999575
MP1 C 1,189204.6847,1997086.994,-77.93545495,18.04008056
MP1 C 0.5,189205.6451,1997063.576,-77.93544237,18.03986931
MP1 C.5 0.5,189230.3662,1997072.817,-77.93521049,18.03995628
MP1 C.5 1,189230.0696,1997090.574,-77.93521595,18.04011652
MP1 C.5 1.5,189213.7037,1997121.365,-77.93537499,18.04039211
MP1 C 1.5,189200.6636,1997111.589,-77.93549657,18.040302
RDV B.5 2.5,188907.4322,1996868.506,-77.93822701,18.03806572
RDV B 2.5,188903.9036,1996854.546,-77.93825821,18.0379392
RDV B 2,188883.0508,1996871.075,-77.93845745,18.03808541
RDV B.5 2,188899.0137,1996892.618,-77.93831006,18.03828216
RDV B.5 1.5,188880.3,1996907.782,-77.93848891,18.03841636
RDV B 1.5,188858.6859,1996888.449,-77.93868996,18.03823874
RDV A.5 1.5,188846.5931,1996869.542,-77.93880123,18.03806634
RDV A.5 1,188830.0052,1996887.15,-77.93896039,18.0382229
RDV B 1,188843.6297,1996905.148,-77.93883453,18.03838732
RDV B.5 1,188861.3137,1996923.53,-77.93867043,18.03855579
RDV B.5 0.5,188843.4934,1996940.189,-77.93884107,18.0387036
RDV B 0.5,188826.3427,1996920.58,-77.93899996,18.03852413
RDV A.5 0.5,188807.1199,1996907.348,-77.93917936,18.03840194
RDV A.5 0,188790.1738,1996921.454,-77.93934137,18.03852683
RDV B 0,188804.2074,1996936.505,-77.93921121,18.03866471
RDV B.5 0,188824.631,1996955.531,-77.93902136,18.03883938
RDVI M.5 1.5,188576.0108,1996835.311,-77.94134923,18.0377185
RDVI M.5 2,188603.4224,1996835.256,-77.94109058,18.03772194
RDVI M2,188609.5767,1996810.994,-77.94102886,18.03750382
RDVI L.5 2,188607.7277,1996783.385,-77.94104217,18.03725434
RDVI L2,188610.461,1996759.679,-77.94101282,18.03704075
RDVI L 1.5,188586.5797,1996755.349,-77.9412375,18.03699823
RDVI L1,188562.0117,1996755.966,-77.94146941,18.03700028
RDVI L.5 1.5,188581.4892,1996782.527,-77.94128961,18.03724283
RDVI L.5 1,188554.6228,1996781.456,-77.94154296,18.03722931
RDVI M 1,188551.7551,1996805.315,-77.9415736,18.03744425
RDVI M.5 1,188550.0834,1996829.809,-77.94159305,18.03766512
RDVI M 1.5,188576.0955,1996810.391,-77.94134469,18.03749358
RDVI N 1.5,188571.5225,1996858.915,-77.94139512,18.03793092
RDVII Y 2.5,188505.3218,1996870.243,-77.94202148,18.03802367
RDVII Y 2,188479.3821,1996879.238,-77.94226759,18.03810114
RDVII X.5 2,188468.5609,1996859.261,-77.94236669,18.03791925
RDVII X.5 2.5,188497.1477,1996846.604,-77.94209505,18.03780911
RDVII X 2.5,188481.7696,1996824.042,-77.94223677,18.03760325
RDVII X 2,188457.933,1996834.65,-77.94246328,18.03769558
RDVII X 1.5,188430.0971,1996846.274,-77.94272767,18.03779651
RDVII X.5 1.5,188444.8591,1996867.337,-77.94259155,18.03798875
URI C 3,189319.7456,1996782.523,-77.93432364,18.03734869
URI C 2.5,189293.2769,1996782.644,-77.93457341,18.03734599
URI C 2,189264.1108,1996783.444,-77.93484874,18.03734903
URI C.5 2,189261.8615,1996805.549,-77.93487327,18.03754824
URI C.5 2.5,189286.5934,1996805.058,-77.93463983,18.03754736
URI C.5 3,189311.5827,1996806.264,-77.93440422,18.03756182
URI D 3,189311.4695,1996834.882,-77.93440958,18.03782013
URI D 2.5,189283.6094,1996832.256,-77.93467206,18.03779243
URI D 2,189259.5768,1996831.247,-77.93489868,18.03777988
URI D 3.5,189340.3699,1996833.596,-77.93413669,18.03781266
URI D.5 3.5,189341.3891,1996857.391,-77.93413063,18.0380276
URI D.5 4,189361.387,1996858.386,-77.93394209,18.03803944
URI E 4,189358.381,1996882.938,-77.93397413,18.03826064
URI E.5 4,189358.6097,1996908.547,-77.9339758,18.03849183
URI E.5 3.5,189335.2625,1996907.056,-77.93419588,18.03847503
URI E.5 3,189309.4051,1996905.803,-77.93443968,18.03846001
URI E.5 2.5,189283.9457,1996905.803,-77.93467991,18.03845637
URI F 2.5,189277.2062,1996924.306,-77.93474627,18.03862243
URI F 3,189304.3941,1996927.956,-77.93449028,18.03865927
URI F 3.5,189331.194,1996931.516,-77.93423793,18.03869524
URI F 4,189356.6461,1996934.381,-77.9339982,18.03872475
URI F.5 3.5,189329.8519,1996956.779,-77.93425438,18.03892309
URI F.5 4,189356.8054,1996959.38,-77.93400044,18.03895044
URI G 4,189358.5411,1996984.13,-77.93398777,18.03917409
URI G.5 4,189362.7065,1997007.765,-77.933952,18.03938803
URI H 4,189365.7276,1997034.77,-77.93392754,18.03963223
URI H.5 4,189362.657,1997061.981,-77.93396059,18.03987742
URI I 4,189390.5218,1997079.228,-77.93370025,18.04003709
URII Z.5 7,189038.4997,1997115.093,-77.93702726,18.04031037
URII A 6,189035.5651,1997172.824,-77.9370636,18.04083107
URII A 5,189061.6354,1997216.62,-77.93682417,18.04123014
URII A 4.5,189076.8712,1997237.705,-77.93668357,18.04142265
URII A.5 4.5,189054.3881,1997247.267,-77.93689715,18.04150574
URII A 4,189087.4151,1997261.843,-77.9365877,18.04164205
URII A.5 3.5,189076.582,1997296.756,-77.93669515,18.04195564
URII A 3.5,189097.3939,1997284.326,-77.93649691,18.04184643
URII A.5 3,189087.5517,1997316.693,-77.93659463,18.04213718
URII A 3,189109.2433,1997308.103,-77.93638866,18.04206276
URII A.5 2.5,189104.4848,1997337.735,-77.93643801,18.04232955
URII A 2.5,189124.7907,1997325.947,-77.93624463,18.04222606
URII A 2,189126.8976,1997350.132,-77.93622838,18.04244467
URII Z.5 2,189146.2841,1997339.225,-77.93604381,18.04234899
URII Z.5 1.5,189163.0503,1997361.442,-77.93588894,18.04255195
URII A 1.5,189142.1451,1997374.293,-77.93608812,18.04266495
URII A.5 1,189130.1067,1997406.766,-77.93620659,18.04295634
URII A 0.5,189160.6761,1997419.783,-77.93592008,18.04307823
URII A.5 0.5,189137.4436,1997430.1,-77.93614085,18.04316803
URII A.5 0,189156.8022,1997451.602,-77.93596141,18.0433649
URII A.5 4,189062.9792,1997272.092,-77.93681981,18.04173107
URII A 5.5,189049.4829,1997191.854,-77.93693513,18.04100485
URIII E.5 4.5,188937.0503,1997318.343,-77.93801501,18.04213049
URIII E 4.5,188922.5356,1997331.716,-77.93815397,18.04224912
URIII E 4,188942.1437,1997344.585,-77.93797088,18.0423681
URIII D.5 4,188931.5316,1997363.298,-77.93807382,18.04253549
URIII D 4,188918.7765,1997381.027,-77.93819684,18.04269369
URIII D 3.5,188938.5486,1997396.494,-77.93801259,18.04283615
URIII C.5 3,188944.9678,1997428.371,-77.9379568,18.04312481
URIII C.5 2.5,188959.2592,1997447.61,-77.93782483,18.04330052
URIII C.5 2,188981.4951,1997462.665,-77.93761727,18.04343961
URIII C.5 1.5,188993.4416,1997478.691,-77.93750695,18.04358599
URIII C.5 1,189014.2053,1997490.088,-77.93731273,18.04369184
URIII C.5 0.5,189035.3537,1997503.018,-77.93711511,18.0438116
URIII D 0.5,189053.1888,1997481.783,-77.93694363,18.04362247
URIII D.5 0.5,189065.4472,1997462.069,-77.93682501,18.04344628
URIII E 0.5,189065.8718,1997436.107,-77.93681711,18.04321199
URIII E.5 0.5,189076.2888,1997418.747,-77.93671621,18.04305677
URIII C 0.5,189026.051,1997519.322,-77.93720534,18.04395743
URIII C 1,189006.2433,1997507.421,-77.93739046,18.04384716
URIII C 1.5,188985.2345,1997493.532,-77.93758662,18.04371877
URIII C 2,188967.2559,1997482.239,-77.93775457,18.04361426
URIII C 2.5,188951.2498,1997467.908,-77.93790345,18.0434826
URIII C 3,188927.1913,1997451.665,-77.93812803,18.04333253
URIII C.5 3.5,188923.2287,1997415.841,-77.93816005,18.04300858
URIV Y 3,189390.889,1997079.361,-77.9336968,18.04003834
URIV Y.5 3,189384.5071,1997106.418,-77.93376107,18.04028167
URIV Z 3,189396.5066,1997129.396,-77.93365129,18.0404908
URIV Z 3.5,189376.1775,1997142.383,-77.93384505,18.04060511
URIV Y.5 3.5,189364.7735,1997123.859,-77.93394989,18.04043627
URIV Y 3.5,189354.0288,1997100.107,-77.93404772,18.04022033
URIV X.5 3.5,189337.6365,1997076.874,-77.93419891,18.04000827
URIV X 3.5,189326.1414,1997055.009,-77.9343041,18.03980925
URIV X 4,189305.9733,1997072.193,-77.93449698,18.03996147
URIV X.5 4,189316.683,1997094.739,-77.9343993,18.04016653
URIV Y 4,189327.4696,1997116.207,-77.93430074,18.04036186
URIV Y.5 4,189344.0508,1997138.041,-77.93414755,18.04056132
URIV Z 4,189357.4424,1997157.537,-77.93402411,18.04073922
URIV X.5 4.5,189295.0885,1997105.73,-77.93460471,18.04026264
URIV X 4.5,189282.4648,1997085.045,-77.93472073,18.04007412
CTI A.5 8,188442.3556,1997910.757,-77.94277193,18.04740694
CTI A.5 9,188493.5289,1997917.84,-77.94229011,18.04747823
CTI A.5 9.5,188526.0678,1997938.289,-77.94198614,18.04766749
CTI A 7.5,188409.7625,1997951.897,-77.94308567,18.04777361
CTI A 7.75,188427.0823,1997945.292,-77.94292124,18.04771648
CTI A 8,188441.6586,1997933.702,-77.94278195,18.04761396
CTI A 8.5,188469.8565,1997932.274,-77.94251566,18.04760512
CTI A 9,188489.8546,1997943.227,-77.9423286,18.04770687
CTI B.5 7,188401.3212,1997855.909,-77.94315089,18.04690596
CTI B.5 8,188448.2177,1997860.442,-77.94270905,18.04695361
CTI B.5 9,188497.2252,1997858.277,-77.94224628,18.04694111
CTI B.5 9.5,188531.7597,1997872.674,-77.94192257,18.04707603
CTI B 7,188399.302,1997879.538,-77.9431735,18.04711895
CTI B 7.5,188422.6113,1997882.365,-77.94295397,18.04714782
CTI B 8,188444.6323,1997882.14,-77.94274614,18.04714896
CTI B 8.5,188469.7509,1997884.558,-77.94250948,18.0471744
CTI B 9,188495.4419,1997891.337,-77.94226808,18.04723928
CTI B 9.5,188525.8215,1997896.228,-77.94198214,18.04728779
CTI C.5 7,188403.2235,1997808.29,-77.94312579,18.04647639
CTI C.5 8,188454.16,1997807.346,-77.942645,18.04647519
CTI C.5 9,188502.1093,1997811.296,-77.94219314,18.04651773
CTI C 7,188400.0505,1997829.638,-77.94315894,18.04666863
CTI C 7.5,188429.3833,1997829.393,-77.94288211,18.04667064
CTI C 8,188454.2068,1997831.952,-77.94264826,18.0466973
CTI C 8.5,188477.2063,1997837.904,-77.94243212,18.04675433
CTI C 9,188503.346,1997834.398,-77.94218494,18.04672644
CTI D 7,188409.8406,1997784.833,-77.94305982,18.04626561
CTI D 7.5,188432.1804,1997780.288,-77.94284834,18.04622779
CTI D 8,188456.689,1997783.307,-77.94261752,18.04625857
CTI D 8.5,188481.8241,1997783.639,-77.9423804,18.04626517
CTI D 9,188505.8067,1997785.034,-77.9421543,18.04628121
IRI L.5 10,188707.1586,1997476.983,-77.94020807,18.04352948
IRI L.5 11,188753.3859,1997479.845,-77.93977229,18.04356195
IRI L.5 12,188798.7275,1997474.712,-77.93934368,18.04352212
IRI L 10,188702.4655,1997448.174,-77.94024803,18.04326875
IRI L 10.5,188722.844,1997456.042,-77.94005691,18.0433427
IRI L 11,188747.7287,1997456.986,-77.93982224,18.0433548
IRI L 11.5,188771.3881,1997453.197,-77.93959842,18.043324
IRI L 12,188798.3086,1997449.488,-77.93934385,18.04329437
IRI M.5 10,188716.8867,1997542.434,-77.9401261,18.04412167
IRI M.5 11,188760.7889,1997532.92,-77.9397104,18.0440421
IRI M.5 12,188805.5251,1997520.058,-77.93928634,18.04393242
IRI M 10,188708.7878,1997516.848,-77.94019868,18.04388955
IRI M 10.5,188732.7155,1997515.704,-77.93997272,18.04388266
IRI M 11,188753.1049,1997506.29,-77.93977891,18.04380062
IRI M 11.5,188780.7411,1997500.823,-77.93951732,18.04375524
IRI M 12,188804.2288,1997486.914,-77.9392936,18.04363306
IRI N 10,188720.4022,1997547.991,-77.94009376,18.04417234
IRI N 10.5,188745.5268,1997553.319,-77.93985748,18.04422404
IRI N 11,188764.8679,1997552.665,-77.93967488,18.04422092
IRI N 11.5,188791.536,1997557.784,-77.93942401,18.04427095
IRI N 11.75,188801.8798,1997565.526,-77.93932756,18.04434232
IRI N 12,188813.711,1997556.07,-77.9392145,18.04425867
IRI N 9.5,188705.2227,1997559.9,-77.94023878,18.04427766
LIA E.5 3,189508.9951,1997155.083,-77.9325937,18.04073878
LIA E.5 3.5,189526.7121,1997122.63,-77.93242166,18.04044838
LIA E.5 5,189566.9297,1997072.457,-77.93203466,18.04000124
LIA E.5 6,189567.6632,1997022.358,-77.93202025,18.03954912
LIA E.5 7,189571.6274,1996974.447,-77.93197567,18.03911721
LIA E 5,189540.3226,1997073.669,-77.93228591,18.04000837
LIA E 5.5,189542.598,1997049.737,-77.93226086,18.03979266
LIA E 6,189543.127,1997023.526,-77.93225194,18.03955614
LIA E 6.5,189545.813,1996996.082,-77.93222249,18.03930879
LIA E7,189545.5807,1996973.005,-77.93222123,18.03910046
LIA F.5 5,189615.9186,1997079.356,-77.93157344,18.04007052
LIA F.5 6,189615.209,1997023.676,-77.93157181,18.03956782
LIA F.5 7,189619.9308,1996977.181,-77.93152029,18.0391488
LIA F 4,189554.1748,1997117.341,-77.93216174,18.04040456
LIA F 5,189593.8694,1997076.739,-77.93178111,18.04004374
LIA F 5.5,189591.9086,1997049.763,-77.93179557,18.03979996
LIA F 6,189593.9836,1997024.624,-77.93177223,18.03957333
LIA F 6.5,189596.9932,1996999.233,-77.93174003,18.03934457
LIA F 7,189595.5744,1996973.859,-77.93174962,18.03911532
LIA G 5,189642.2878,1997079.991,-77.93132472,18.04008003
LIA G 5.5,189639.3664,1997053.232,-77.93134828,18.03983806
LIA G 6,189640.8758,1997027.889,-77.93133025,18.03960952
LIA G 6.5,189641.8755,1997000.807,-77.93131676,18.0393652
LIA G 7,189646.375,1996978.922,-77.93127103,18.03916829
LII H.5 10,188721.9826,1997283.663,-77.94003917,18.04178657
LII H.5 11,188769.0965,1997288.935,-77.9395954,18.04184092
LII H.5 5,188459.9439,1997268.991,-77.94250954,18.0416165
LII H.5 7,188568.4797,1997281.748,-77.94148732,18.04174725
LII H.5 8,188623.1025,1997280.001,-77.94097164,18.04173932
LII H 10,188722.3216,1997260.665,-77.94003252,18.04157903
LII H 10.5,188748.7686,1997263.642,-77.93978341,18.0416097
LII H 11,188771.9461,1997263.963,-77.93956476,18.04161592
LII H 5,188451.2255,1997246.999,-77.9425885,18.04141673
LII H 5.5,188486.076,1997243.827,-77.94225918,18.0413931
LII H 6,188513.1288,1997241.454,-77.94200356,18.04137557
LII H 6.5,188545.7522,1997249.397,-77.94169692,18.04145196
LII H 7,188570.5705,1997249.524,-77.94146275,18.04145667
LII H 7.5,188595.4448,1997253.151,-77.94122859,18.04149299
LII H 8,188618.8519,1997255.629,-77.94100809,18.04151871
LII H 8.5,188648.4532,1997251.533,-77.94072816,18.04148599
LII H 9,188673.5363,1997255.078,-77.94049201,18.04152159
LII H 9.5,188693.7804,1997258.005,-77.94030143,18.04155092
LII I.5 10,188716.5085,1997339.401,-77.94009919,18.04228891
LII I.5 5,188467.1966,1997322.695,-77.94244917,18.04210231
LII I.5 6,188517.5678,1997317.582,-77.9419731,18.04206339
LII I.5 7,188565.2654,1997325.697,-77.94152425,18.04214349
LII I.5 8,188617.4295,1997330.393,-77.94103274,18.04219337
LII I.5 9,188664.3908,1997334.172,-77.94059018,18.04223423
LII I 10,188717.8829,1997311.942,-77.9400821,18.04204125
LII I 10.5,188744.4873,1997314.533,-77.93983145,18.04206846
LII I 11,188766.3825,1997319.869,-77.93962565,18.04211977
LII I 5,188464.4134,1997291.389,-77.94247073,18.04181932
LII I 5.5,188492.7668,1997295.67,-77.94220383,18.04186203
LII I 6,188516.7911,1997292.651,-77.94197669,18.04183824
LII I 6.5,188545.015,1997301.794,-77.94171174,18.04192482
LII I 7,188569.9134,1997299.16,-77.94147641,18.04190462
LII I 7.5,188595.3389,1997301.162,-77.9412368,18.04192635
LII I 8,188618.5412,1997308.39,-77.94101895,18.04199493
LII I 8.5,188651.7858,1997311.414,-77.94070571,18.042027
LII I 9,188668.4696,1997305.715,-77.94054742,18.04197794
LII I 9.5,188694.2909,1997307.707,-77.94030407,18.04199964
LII J.5 5,188461.5692,1997368.908,-77.94250921,18.04251865
LII J.5 6,188518.529,1997378.835,-77.94197323,18.04261643
LII J.5 7,188562.8218,1997374.938,-77.9415547,18.04258762
LII J.5 8,188615.7866,1997378.121,-77.94105541,18.04262397
LII J.5 9,188662.8656,1997385.838,-77.94061233,18.04270039
LII J 10,188711.7654,1997361.217,-77.94014722,18.04248516
LII J 10.5,188737.7896,1997362.812,-77.93990189,18.0425033
LII J 11,188762.606,1997366.148,-77.93966823,18.04253697
LII J 5,188464.949,1997346.762,-77.94247399,18.04231922
LII J 5.5,188486.9431,1997342.965,-77.94226589,18.04228811
LII J 6,188510.7419,1997354.751,-77.9420431,18.04239792
LII J 6.5,188537.3419,1997351.987,-77.94179168,18.04237679
LII J 7,188562.9094,1997349.072,-77.94154999,18.04235415
LII J 7.5,188583.7138,1997352.979,-77.94135427,18.0423924
LII J 8,188616.4768,1997355.332,-77.94104547,18.04241835
LII J 8.5,188639.0465,1997354.446,-77.94083237,18.0424136
LII J 9,188665.8841,1997357.836,-77.94057964,18.04244805
LII J 9.5,188692.2534,1997357.492,-77.94033077,18.04244874
LII K.5 11,188752.637,1997433.347,-77.93977238,18.04314212
LII K.5 5,188459.7756,1997421.173,-77.94253399,18.04299016
LII K.5 6,188510.0557,1997424.734,-77.94206008,18.04302953
LII K.5 7,188559.6009,1997420.831,-77.94159199,18.04300142
LII K.5 8,188614.6206,1997425.179,-77.94107348,18.04304857
LII K.5 9,188662.6085,1997420.784,-77.94062,18.04301579
LII K 10,188708.3658,1997399.095,-77.94018498,18.04282659
LII K 10.5,188735.0253,1997402.628,-77.93993395,18.04286231
LII K 11,188761.6628,1997408.31,-77.93968346,18.04291741
LII K 5,188457.3812,1997401.718,-77.94255366,18.04281421
LII K 5.5,188484.5706,1997399.512,-77.94229677,18.0427982
LII K 6,188514.3459,1997400.266,-77.94201593,18.04280929
LII K 6.5,188533.7094,1997394.757,-77.94183238,18.04276234
LII K 7,188562.2035,1997397.94,-77.94156399,18.04279516
LII K 7.5,188589.3035,1997395.551,-77.94130792,18.04277749
LII K 8,188617.5994,1997401.972,-77.94104188,18.04283952
LII K 8.5,188638.324,1997400.647,-77.94084613,18.04283054
LII K 9,188662.0698,1997399.389,-77.94062187,18.04282259
LII K 9.5,188682.8268,1997400.963,-77.94042625,18.04283978
LII L 10,188702.1697,1997449.73,-77.94025105,18.04328275
LII L 10.5,188722.4889,1997456.922,-77.9400604,18.04335059
LII L 11,188746.8217,1997458.967,-77.9398311,18.04337255
LII L 5,188460.0313,1997449.675,-77.94253586,18.04324748
LII L 5.5,188486.1351,1997452.193,-77.94228992,18.04327395
LII L 6,188511.8259,1997448.418,-77.94204694,18.04324357
LII L 6.5,188536.5968,1997451.969,-77.94181373,18.04327919
LII L 7,188557.7298,1997451.811,-77.9416143,18.0432808
LII L 7.5,188583.6676,1997443.838,-77.94136835,18.04321255
LII L 8,188612.6362,1997451.394,-77.94109614,18.04328492
LII L 8.5,188631.576,1997450.758,-77.94091733,18.0432819
LII L 9,188657.5667,1997449.947,-77.94067196,18.04327831
LIIR E.5 10,188583.7752,1997712.374,-77.94140767,18.04563654
LIIR E.5 8,188482.8551,1997709.567,-77.94235954,18.0455967
LIIR E.5 9,188534.9846,1997717.222,-77.94186879,18.04567329
LIIR E 10,188582.8626,1997733.332,-77.94141942,18.04582559
LIIR E 8,188481.3031,1997734.045,-77.94237786,18.04581743
LIIR E 8.5,188506.1865,1997734.431,-77.94214312,18.04582449
LIIR E 9,188530.14,1997737.002,-77.94191747,18.04585114
LIIR E 9.5,188556.6596,1997739.81,-77.94166765,18.0458803
LIIR F.5 10,188584.5891,1997666.639,-77.94139312,18.04522382
LIIR F.5 11.5,188622.4434,1997679.517,-77.94103785,18.04534551
LIIR F.5 8,188485.6063,1997655.701,-77.94232548,18.04511087
LIIR F.5 9,188537.282,1997659.961,-77.94183851,18.04515675
LIIR F 10,188580.9735,1997689.715,-77.9414307,18.04543161
LIIR F 10.5,188594.0035,1997695.399,-77.9413086,18.04548478
LIIR F 11,188610.2851,1997702.248,-77.94115599,18.04554895
LIIR F 11.2,188610.2194,1997692.651,-77.94115517,18.04546231
LIIR F 8,188485.0011,1997681.837,-77.94233512,18.0453467
LIIR F 8.5,188511.3608,1997680.14,-77.94208613,18.04533517
LIIR F 9,188533.6531,1997684.671,-77.94187646,18.04537927
LIIR F 9.5,188561.6679,1997687.91,-77.9416126,18.04541254
LIIR G.3 10,188584.6433,1997619.955,-77.94138559,18.04480243
LIIR G.5 8,188487.6334,1997609.056,-77.94229935,18.04469011
LIIR G 10,188582.9528,1997640.493,-77.94140463,18.04498758
LIIR G 8,188487.4762,1997630.167,-77.942304,18.04488065
LIIR G 8.5,188515.0364,1997634.485,-77.94204459,18.04492359
LIIR G 9,188539.9394,1997634.801,-77.94180965,18.04493002
LIIR G 9.5,188559.3958,1997634.528,-77.94162602,18.04493035
LIIR H 10,188582.4062,1997585.819,-77.94140158,18.04449398
LIIR H 7.8,188487.277,1997578.653,-77.94229814,18.04441563
LIIR H 8,188493.2769,1997588.228,-77.94224297,18.04450292
LIIR H 9,188542.1272,1997606.913,-77.94178482,18.0446786
LIIR H 9.5,188560.3332,1997591.714,-77.94161074,18.04454402
LIR W.5 3,189397.1305,1996706.629,-77.93358209,18.0366747
LIR W.5 4,189404.8665,1996659.507,-77.93350205,18.03625045
LIR W.5 5,189405.9453,1996611.2,-77.93348463,18.03581455
LIR W.5 6,189406.1883,1996561.298,-77.93347487,18.03536414
LIR X.5 2,189314.1279,1996761.064,-77.93437344,18.03715418
LIR X.5 2.3,189327.2776,1996742.337,-77.93424655,18.03698702
LIR X.5 2.5,189341.6834,1996727.79,-77.93410845,18.03685777
LIR X.5 3,189352.0558,1996707.334,-77.93400751,18.03667461
LIR X.5 4,189353.9593,1996660.934,-77.9339826,18.03625605
LIR X.5 4.5,189357.5497,1996631.005,-77.93394424,18.0359864
LIR X.5 5,189355.7466,1996607.819,-77.93395779,18.03577685
LIR X.5 5.5,189355.1601,1996586.378,-77.93396011,18.03558322
LIR X.5 6,189359.9551,1996559.959,-77.93391091,18.03534543
LIR X 3,189375.8704,1996707.741,-77.93378287,18.0366817
LIR X 3.5,189380.5368,1996681.36,-77.93373488,18.03644423
LIR X 4,189379.8324,1996661.272,-77.93373852,18.0362628
LIR X 4.5,189396.0249,1996633.356,-77.93358156,18.03601313
LIR X 5,189381.0288,1996610.39,-77.93371962,18.03580368
LIR X 6,189382.56,1996560.31,-77.93369767,18.03535184
LIR Y.5 3,189299.9928,1996704.394,-77.93449832,18.03664061
LIR Y.5 4,189307.2459,1996658.317,-77.93442298,18.03622573
LIR Y 3,189325.7243,1996704.508,-77.93425555,18.03664533
LIR Y 3.5,189329.6232,1996685.044,-77.93421584,18.03647019
LIR Y 4,189327.8735,1996659.309,-77.9342285,18.03623764
LIR Z.5 3,189245.7632,1996699.862,-77.93500934,18.03659193
LIR Z 3,189278.5174,1996701.337,-77.9347005,18.03660994
LIR Z 3.5,189277.6418,1996674.254,-77.93470471,18.03636535
LIR Z 4,189282.6652,1996656.03,-77.93465458,18.03620156
LIR Z 4.5,189290.8849,1996638.081,-77.93457433,18.03604072
LIX A.5 6,189222.846,1997061.086,-77.9352797,18.0398493
LIX A 6,189228.4754,1997070.006,-77.93522791,18.03993063
LIX B.5 6,189215.8085,1997014.753,-77.93533916,18.03943006
LIX B.5 7,189165.394,1997012.212,-77.93581448,18.0393999
LIX B.5 8,189112.0002,1997009.669,-77.93631791,18.03936928
LIX B 6,189213.5846,1997041.308,-77.93536412,18.03966944
LIX B 6.5,189188.3725,1997036.863,-77.93560135,18.03962571
LIX B 7,189161.1991,1997036.269,-77.93585767,18.03961645
LIX B 7.5,189137.5913,1997033.135,-77.93607996,18.03958477
LIX B 8,189113.0025,1997032.279,-77.93631185,18.03957353
LIX C.5 6,189217.8756,1996963.346,-77.93531195,18.03896632
LIX C.5 7,189169.753,1996958.138,-77.93576525,18.03891241
LIX C.5 8,189111.6779,1996965.044,-77.93631427,18.03896642
LIX C 6,189217.2758,1996989.981,-77.9353216,18.03920666
LIX C 6.25,189206.5139,1996990.162,-77.93542318,18.03920675
LIX C 6.5,189191.7428,1996990.521,-77.93556261,18.03920788
LIX C 7,189167.3322,1996987.317,-77.93579246,18.03917546
LIX C 7.5,189142.3966,1996985.011,-77.9360274,18.03915107
LIX C 8,189116.8129,1996985.062,-77.93626881,18.03914785
LIX D.5 7,189171.9842,1996910.555,-77.93573706,18.03848321
LIX D 6,189218.9697,1996943.97,-77.93529872,18.03879158
LIX D 6.25,189206.6059,1996941.94,-77.93541508,18.03877148
LIX D 6.5,189195.2319,1996939.793,-77.93552208,18.03875047
LIX D 7,189171.47,1996938.524,-77.93574611,18.03873561
LIX D 7.5,189140.7698,1996935.831,-77.93603538,18.0387069
LIX D 8,189117.3976,1996931.736,-77.9362553,18.03866658
LIX D 8.5,189100.1898,1996936.571,-77.9364184,18.03870776
NC17 C 0.5,NA,NA,-77.93865842,18.03881339
NC17 Z 1,NA,NA,-77.93869099,18.03880567
NC17 G 1,NA,NA,-77.93828811,18.03861574
NC17 C 2,NA,NA,-77.93813365,18.03839377
NC17 B.5 2,NA,NA,-77.93830153,18.03827807
NC17 B.5 2.5,NA,NA,-77.93821927,18.03806413
LII H 11.5,NA,NA,-77.93935898,18.04163223
LI A.5 4,NA,NA,-77.93530352,18.03607885
LI A.5 5,NA,NA,-77.9351094,18.03558327
LI A.5 6,NA,NA,-77.93480794,18.03522964
LI B.5 6,NA,NA,-77.93518789,18.03501205
LI B.5 5,NA,NA,-77.93549291,18.03535246
LI C.5 5,NA,NA,-77.93588664,18.03518082
LII K.5 5,NA,NA,-77.94255515,18.04302626
DP 3,NA,NA,-77.94270653,18.04328155
DP 2,NA,NA,-77.94267468,18.04355203
DP 1,NA,NA,-77.94245813,18.0438832
DP 4,NA,NA,-77.94268136,18.0438825
LII J.5 5,NA,NA,-77.9425002,18.04251761
MII F.5 8,NA,NA,-77.94094705,18.04087588
MII F.5 8.5,NA,NA,-77.94068282,18.04083683
MII F 9.5,NA,NA,-77.94031218,18.0407051
MII E.5 9.5,NA,NA,-77.94028654,18.04053804
MII E.5 10,NA,NA,-77.94013174,18.04052578
MII D.5 9.5,NA,NA,-77.94019829,18.04005215
MII C.5 10,NA,NA,-77.93997424,18.03953293
MII C.5 9.5,NA,NA,-77.94020088,18.03955047
MII D.5 8.5,NA,NA,-77.94072933,18.03997448
MII E.5 7.5,NA,NA,-77.94114898,18.0403028
MII E.5 8,NA,NA,-77.9409612,18.04039877
MII E.5 8.5,NA,NA,-77.94064803,18.04046559
MII E.5 9,NA,NA,-77.94048286,18.04047624
MII E.5 10,NA,NA,-77.94012462,18.04053236
CTI A.5 7,NA,NA,-77.94312067,18.04737702
CTI C.2 9,NA,NA,-77.94217782,18.04665564
LIIR A 13,NA,NA,-77.94316113,18.0446353
LIIR A 11,NA,NA,-77.94281138,18.04503381
LIIR A 12,NA,NA,-77.94279014,18.04525375
LIIR A 14,NA,NA,-77.94262282,18.04439443
LCL 1,NA,NA,-77.94197652,18.04401968
LCL 2,NA,NA,-77.94182929,18.04378722
LCL 3,NA,NA,-77.94171987,18.04359125
IRI M.5 12.5,NA,NA,-77.93904907,18.04393283
HCH 1,NA,NA,-77.93915792,18.04247458
HCH 2,NA,NA,-77.93893011,18.04255108
HCH 3,NA,NA,-77.93883223,18.04286913
BVD 1,NA,NA,-77.93852514,18.04106763
BVD 2,NA,NA,-77.93853534,18.04081008
NFT 1,NA,NA,-77.93951249,18.03974364
NFT 2,NA,NA,-77.93960862,18.03990626
NFT 3,NA,NA,-77.93938372,18.03998789
CTI Z 9,NA,NA,-77.94240291,18.04795631
CTI Z.5 9,NA,NA,-77.94251667,18.04810452
CTI Z.5 10,NA,NA,-77.94212161,18.04797647
CTI Z 10,NA,NA,-77.94189306,18.04812756
CTI A 7.75,NA,NA,-77.94290777,18.04775004
CTI A 7.5,NA,NA,-77.94308314,18.04779777
CTI Z 7,NA,NA,-77.94331135,18.04773313
CTI Z 7.5,NA,NA,-77.94327336,18.04788866
CTI Z 6,NA,NA,-77.94338329,18.04758326
CTI A.5 7,NA,NA,-77.94313894,18.04738447
LIIR A 6,NA,NA,-77.9425292,18.04469817
LIIR A 7,NA,NA,-77.9428058,18.04480546
LIIR A 8,NA,NA,-77.94297379,18.04470644
LIIR A 9,NA,NA,-77.94252326,18.04415731
LIIR A 10,NA,NA,-77.94238617,18.04395724
URT 1,NA,NA,-77.93677816,18.03964496
URT 2,NA,NA,-77.93687633,18.03944656
URT 3,NA,NA,-77.93681557,18.03985019
URT 5,NA,NA,-77.93682879,18.04006916
URT 6,NA,NA,-77.93678997,18.04027729
URT 7,NA,NA,-77.93700167,18.03989706
URT 8,NA,NA,-77.93682293,18.04041398
LIA H 1,NA,NA,-77.9313182,18.04054227
LIA H 2,NA,NA,-77.93150438,18.04076401
LIA H 3,NA,NA,-77.93169474,18.04076437
LIA E 8,NA,NA,-77.93259197,18.04006868
LIA E 9,NA,NA,-77.93282453,18.04024759
LIA G 4,NA,NA,-77.93176043,18.04052002
LIA F 4.5,NA,NA,-77.93190471,18.04057807
LII Rain Gauge,NA,NA,-77.94019962,18.04271748
LIA EXIT,189539.4765,1997102.14,-77.93229815,18.04026524
LIA E 4,189518.2454,1997097.905,-77.93249785,18.04022398
LIA E 9,189483.2564,1997099.188,-77.9328282,18.04023054
LIA E 3,189479.1056,1997149.227,-77.93287486,18.04068164
LIA E.5 3,189507.1486,1997154.622,-77.93261105,18.04073436
LIA F 2,189504.6854,1997190.195,-77.93263962,18.04105511
LIA G 2,189556.5045,1997222.94,-77.93215556,18.04135811
LIA H 2.5,189570.9728,1997248.401,-77.93202285,18.04159001
LIA RB 1,189545.055,1997267.42,-77.93227026,18.04175797
LIA RB 2,189531.854,1997288.526,-77.93239798,18.0419466
LIA E.5 3.5,189510.8528,1997137.004,-77.93257346,18.04057585
LIA E.5 4,189524.3799,1997120.939,-77.93244342,18.04043278
LIA F 4,189554.0924,1997118.172,-77.93216264,18.04041206
LIA F 4.5,189583.3835,1997135.356,-77.93188882,18.04057136
LIA G 4,189595.6911,1997129.871,-77.93177187,18.04052361
LIA H 1.5,189640.5004,1997162.079,-77.93135387,18.04082076
LIA H 2,189624.2857,1997154.692,-77.93150577,18.04075176
LIA H 3,189603.6158,1997154.217,-77.93170073,18.04074451
LIA H 1,189644.5735,1997130.036,-77.93131064,18.0405321
LIA G 4.5,189637.5394,1997114.921,-77.93137475,18.04039465
LIA G .55,189661.8192,1997095.241,-77.93114271,18.04022048
LIA H 5,189679.3834,1997088.443,-77.93097595,18.04016164
LIA H.5 5,189698.6102,1997090.527,-77.93079484,18.0401832
LIA G.5 6,189667.883,1997034.003,-77.93107633,18.03966858
LIA H 6,189687.5328,1997041.964,-77.9308921,18.03974325
LIA G 7.5,189648.6371,1996949.641,-77.93124531,18.03890431
LIA G 8,189649.8889,1996924.15,-77.93122968,18.03867439
LIA G 9,189655.6261,1996889.281,-77.93117033,18.03836046
LIA G.5 7,189669.5333,1996983.419,-77.93105319,18.03921221
LIA H 7,189687.4458,1996978.371,-77.93088341,18.0391692
LIA H 6.5,189723.1948,1996981.565,-77.93054657,18.03920315
LIA I 7,189733.2295,1996965.517,-77.93044948,18.03905972
LIA I 8,189721.2645,1996934.491,-77.93055774,18.03877795
LIA F 6.5,189596.0945,1996998.934,-77.93174847,18.03934174
LIX D 6.25,189206.8332,1996941.212,-77.93541283,18.03876495
LIX C.5 5.5,189233.9799,1996981.001,-77.93516264,18.03912799
LIX B 5.5,189234.9669,1997047.125,-77.93516323,18.03972502
LIX A.5 6,189223.5904,1997061.419,-77.93527272,18.03985241
LIX A 6,189230.9754,1997070.99,-77.93520447,18.03993987
LIX A 5.5,189239.0857,1997083.502,-77.93512982,18.04005397
LIX A 5,189252.4221,1997085.961,-77.93500435,18.04007808
LIX A.5 6.5,189181.3935,1997053.496,-77.9356697,18.03977485
LIX B.5 8.5,189090.9507,1997010.191,-77.93651661,18.03937098
LIX C 9,189093.8799,1996979.434,-77.93648436,18.03909377
LIX E 7,189173.7225,1996907.138,-77.93572015,18.03845262
LIX F 7,189178.4008,1996869.926,-77.93567043,18.0381174
LIX RR 3,189161.1218,1996834.341,-77.93582814,18.0377937
LIX RR 2,189179.7501,1996838.099,-77.93565293,18.0378303
LIX RR 1,189190.4204,1996818.551,-77.93554932,18.03765537
LI Rain Guage,189214.799,1996736.205,-77.93530695,18.03691556
LIR Z.5 4,189251.4981,1996658.411,-77.93494902,18.03621859
LIR Z 5.5,189270.4432,1996615.795,-77.93476388,18.03583663
LIR Z.5 3,189243.1869,1996701.452,-77.93503389,18.03660592
LIR Z.3 3,189256.9592,1996703.891,-77.9349043,18.03662991
LIR Z 4.5,189289.6606,1996637.139,-77.93458574,18.03603204
LIR Z.5 4.5,189280.3778,1996635.074,-77.93467302,18.03601207
LIR Z 5,189294.8689,1996625.564,-77.93453486,18.0359283
LIR X 2.5,189373.4405,1996724.899,-77.93380836,18.03683622
LIR X.5 2.5,189339.6548,1996725.888,-77.9341273,18.03684031
LIR X.5 2.3,189325.8008,1996743.855,-77.93426072,18.03700051
LIR X.5 2,189314.3004,1996760.746,-77.93437176,18.03715134
LIR X 2,189324.0148,1996770.924,-77.93428162,18.0372446
LIR RT 2,189249.4265,1996762.002,-77.93498408,18.03715337
LIR RT 1,189225.4281,1996754.297,-77.93520937,18.03708038
IRI N 10,188725.0986,1997546.534,-77.94004922,18.04415986
IRI N 9.5,188705.0828,1997560.521,-77.94024019,18.04428325
IRI N.5 9.5,188691.9288,1997574.527,-77.94036642,18.04440778
IRI O 9.5,188683.9292,1997587.071,-77.94044379,18.04451987
IRI P 9.5,188676.79,1997608.161,-77.94051432,18.04470921
IRI L 2,188725.4983,1997604.537,-77.94005416,18.04468349
IRI L 1,188752.3895,1997616.52,-77.93980221,18.04479552
IRI N.5 12,188816.7909,1997576.376,-77.93918849,18.0444424
IRI N 11.8,188807.6194,1997561.006,-77.93927273,18.04430235
IRI SG,188800.2555,1997565.895,-77.93934295,18.04434542
IRI N.2 11.5,188789.8002,1997571.28,-77.93944241,18.04439253
IRI N.2 10,188719.9226,1997560.71,-77.94010019,18.04428709
IRI M.7 12,188799.713,1997539.529,-77.93934411,18.04410734
IRI N 12.5,188834.8654,1997558.705,-77.93901528,18.04428549
IRI M.2 12.2,188811.3228,1997491.348,-77.93922733,18.0436741
IRI M.3 12,188807.1514,1997506.098,-77.9392689,18.04380664
IRI M.5 12.5,188829.2207,1997518.18,-77.93906247,18.04391887
IRI M 12.5,188829.4711,1997477.751,-77.93905404,18.04355397
IRI L 12.5,188802.2341,1997433.255,-77.93930437,18.04314841
LII K.8 11.8,188788.3131,1997439.523,-77.93943667,18.04320299
LII K.5 11.8,188783.9326,1997423.428,-77.93947559,18.04305708
IRI L.7 11,188753.7013,1997492.618,-77.93977124,18.04367729
CTI ENT,188495.0452,1997737.447,-77.9422487,18.04585012
CTI D.5 9,188499.6663,1997764.016,-77.94220909,18.04609061
CTI D 9.5,188525.9126,1997791.171,-77.9419655,18.04633949
CTI D 10,188546.9167,1997785.351,-77.94176643,18.04628998
CTI C.5 9.5,188525.3252,1997810.13,-77.94197389,18.04651055
CTI C.5 10,188533.9198,1997808.447,-77.94189254,18.04649659
CTI C 10,188546.1057,1997843.901,-77.94178288,18.04681837
CTI C 9.3,188515.0772,1997839.721,-77.94207504,18.04677618
CTI C.2 9,188504.834,1997823.368,-77.94216924,18.0466271
CTI B.5 9.5,188531.9894,1997873.245,-77.94192049,18.04708122
CTI C.5 10.5,188559.8712,1997818.882,-77.94164923,18.04659451
CTI C 11,188572.8434,1997848.257,-77.94153123,18.04686153
CTI B 9.5,188525.2933,1997891.472,-77.94198641,18.04724479
CTI A 9.5,188524.8485,1997937.829,-77.94199758,18.04766317
CTI Z.5 10,188512.4173,1997973.838,-77.94212029,18.04798642
CTI Z 11,188557.7742,1997997.344,-77.94169582,18.04820512
CTI Z 9,188481.0233,1997975.012,-77.94241671,18.04799251
CTI Z.5 8,188435.8397,1997959.434,-77.94284073,18.0478454
LIIR E 8.7,188515.1072,1997735.397,-77.94205908,18.04583449
LIIR E 11,188622.4807,1997731.576,-77.94104532,18.04581543
LIIR E.5 10.5,188589.6222,1997722.797,-77.94135406,18.04573147
LIIR F 10.5,188595.2851,1997694.104,-77.94129631,18.04547328
LIIR F 11.2,188611.9092,1997690.656,-77.94113893,18.04544454
LIIR F 11,188629.2242,1997697.315,-77.94097654,18.04550714
LIIR E.5 11.3,188639.7303,1997712.331,-77.94087966,18.04564419
LIIR E.5 11.8,188621.7497,1997757.991,-77.94105618,18.04605376
LIIR E.5 11.5,188640.2351,1997729.41,-77.94087746,18.04579843
LIIR F 11.5,188657.3942,1997695.312,-77.94071043,18.0454931
LIIR G 11,188641.267,1997665.321,-77.9408581,18.04522008
LIIR G 10.5,188613.1712,1997641.003,-77.94111956,18.04499653
LIIR G 10.3,188597.2279,1997637.316,-77.94126945,18.04496095
LIIR G.3 10,188585.4223,1997618.6,-77.94137804,18.04479031
LIIR G.5 10,188583.6981,1997611.717,-77.94139328,18.04472793
LIIR G.3 9.7,188569.9319,1997611.838,-77.94152319,18.04472706
LIIR F 9.3,188552.2717,1997684.77,-77.94170079,18.04538285
LIIR G 10.5,NA,NA,-77.941129,18.04496831
LIIR F 11.5,NA,NA,-77.94073553,18.04549908
LII L.5 10,NA,NA,-77.94021319,18.04352477
LII K.5 10,NA,NA,-77.94018987,18.04310752
LII J.5 11,NA,NA,-77.93961058,18.04270722
LII J.5 9,NA,NA,-77.94061196,18.04262541
MII D.5 6,NA,NA,-77.94192684,18.03988588
LI D 2.5,NA,NA,-77.93663486,18.03607904
LI C.5 2,NA,NA,-77.93655413,18.03641242
LI C 2.5,NA,NA,-77.93617631,18.03628324
LI B.5 3,NA,NA,-77.93588497,18.03625377
LI C 3.5,NA,NA,-77.93601987,18.03587094
LI B.5 8,NA,NA,-77.93457918,18.03426442
LI C.5 8,NA,NA,-77.93502244,18.03409306
LI D 7.5,NA,NA,-77.93529374,18.03418648
LI D 6.5,NA,NA,-77.93563268,18.03452139
LI C.5 6,NA,NA,-77.93558609,18.03483505
LI C.5 7,NA,NA,-77.93525069,18.03441219
LI D 3.5,NA,NA,-77.93649311,18.03560065
AR.601(3),NA,NA,-77.93060821,18.03933028
LIX C.5 8.5,NA,NA,-77.93644192,18.0388372
LIX D 8.5,NA,NA,-77.93643268,18.038691
CTI A.5 7,NA,NA,-77.94299592,18.04735504
CTI Z 7.5,NA,NA,-77.94325179,18.04786799
CTI Z 7,NA,NA,-77.94329294,18.04773554
CTI Z 6,NA,NA,-77.94336224,18.047565
CTI C 6.5,NA,NA,-77.94338603,18.04667826
CTI D 6.5,NA,NA,-77.9432889,18.04621247
CTI D.5 7,NA,NA,-77.94310674,18.04608939
CTI D.5 7.5,NA,NA,-77.94326814,18.04604526
CTI B 6.5,188371.0051,1997879.859,-77.94344056,18.04711778
CTI A.5 7.5,188419.8587,1997909.869,-77.94298408,18.04739569
LIIR F 8,188485.8836,1997680.801,-77.94232664,18.04533748
LIIR F 8.5,188510.6338,1997683.837,-77.94209355,18.04536844
LIIR F.5 8,188485.9224,1997656.927,-77.94232269,18.04512198
LIIR G 8,188487.1771,1997630.065,-77.94230681,18.04487968
LIIR G 9,188539.8514,1997633.608,-77.9418103,18.04491924
LIIR H 8.5,188520.6931,1997603.11,-77.9419865,18.04464119
LIIR LCL 1,188519.5507,1997533.102,-77.94198677,18.04400909
LIIR LCL 2,188535.0372,1997507.245,-77.94183675,18.04377792
LIIR LCL 3,188548.0303,1997485.157,-77.94171083,18.04358041
LII L 7,188556.4544,1997453.703,-77.94162662,18.04329769
IRI M 11,188752.538,1997507.573,-77.93978446,18.04381212
MII G 6.5,188549.5868,1997194.591,-77.94165251,18.04095779
MII E.5 6.5,188547.6508,1997123.416,-77.94166009,18.04031505
MM A.5 3,188399.6067,1997306.735,-77.94308455,18.04194853
MM A.5 2,188395.574,1997355.934,-77.94312999,18.04239205
MM A 1.5,188427.4624,1997382.035,-77.94283302,18.04263224
RDV A 2,188430.9972,1996834.453,-77.94271741,18.03768993
RDV A.5 2,188456.4014,1996832.395,-77.94247739,18.037675
RDV C 2.5,188533.8177,1996808.224,-77.94174329,18.03746794
RDV C 1.5,188532.0097,1996855.421,-77.94176743,18.03789371
RDV Y 2.5,188505.4859,1996867.61,-77.94201953,18.03799993
RDV C 3,188534.6561,1996785.717,-77.941732,18.0372649
MI C.5 3,189066.633,1996808.892,-77.9367159,18.03755043
MI E.5 3.5,189048.2437,1996910.55,-77.93690465,18.03846543
LI C.5 9,189277.8227,1996384.58,-77.93465962,18.03375058
LI B.5 9,189317.0702,1996404.339,-77.93429226,18.03393456
LI B.5 7,189254.7917,1996486.176,-77.93489214,18.03466435
LI A.5 3,189188.6836,1996691.075,-77.93554661,18.03650444
LIIR G 11.5,,,-77.94140463,18.04498758
LIIR AC.587 (15),,,-77.94157522,18.04433434
LIIR AC.587 (9),,,-77.94117209,18.04450925
MR 2,,,-77.94429212,18.04241177
MR 3,,,-77.94429508,18.04278154
MR 1,,,-77.94400362,18.04214598
MM C 5.5,,,-77.94361792,18.04083392
MM C.5 6.5,,,-77.94360092,18.04039147
MM C 7,,,-77.94359718,18.04014073
MM B.5 2.5,,,-77.94352746,18.04215979
LII K.5 11,,,-77.93976829,18.04315317
LII J.5 11,,,-77.93966467,18.04273053
LII I 10.5,,,-77.93984771,18.04206303
LII K.5 10,,,-77.94022884,18.04308424
MI G 1,,,-77.9382805,18.03862939
MI G 1.5,,,-77.93807617,18.03872837
LI A 2.5,,,-77.93540179,18.03669559
LI A.5 3,,,-77.93554801,18.0365081
LI B.5 3,,,-77.93588453,18.03626436
LI C 2.5,,,-77.93620621,18.03630337
LI C 3.5,,,-77.93602255,18.03591138
LI C.5 6,,,-77.93558082,18.03481846
LI C.5 7,,,-77.93523907,18.03442883
LI D 7.5,,,-77.93531849,18.03416214
LI C.5 9,,,-77.93467051,18.03373795
LI D 9.5,,,-77.93467841,18.03356625
LI D 6.5,,,-77.93563643,18.03451652
LIIR A 18,,,-77.9442269,18.04582133
LIIR A 17,,,-77.94382536,18.04572153
LIIR A 16,,,-77.94348066,18.04565966
LIIR A 15,,,-77.94309106,18.0453465
LIIR A.5 2,,,-77.94312345,18.04241228
MM A.5 3,,,-77.94307995,18.04194381
RR 1,,,-77.9355861,18.03765107
RR 2,,,-77.93566113,18.03783431
RR 3,,,-77.93583249,18.03780231
BVD 7,,,-77.93852073,18.04045817
BVD 8,,,-77.93860725,18.04027165
BVD 6,,,-77.93913349,18.03992827
NFT 7,,,-77.93915499,18.03965947
NFT 4,,,-77.93910018,18.03946663
NFT 5,,,-77.93901024,18.03923455
NFT 6,,,-77.93877256,18.03896998
BVD 4,,,-77.93834909,18.04157346
BVD 3,,,-77.93845532,18.04132981
BVD 5,,,-77.93821459,18.04183971
NB 3,,,-77.94141,18.04448
NB 8,,,-77.94116,18.04451
HDP 3,,,-77.94061,18.04421
HDP 1,,,-77.94074,18.044
HDP 2,,,-77.94061,18.04389
NB 2,,,-77.9425,18.04414
BT 1,,,-77.94244,18.04209
NB 11,,,-77.944,18.04189
NB 12,,,-77.94403,18.0415
R 1,,,-77.944,18.04095
R 2,,,-77.94406,18.04071
R 3,,,-77.94403,18.04033
R 4,,,-77.94402,18.03982
R 5,,,-77.94405,18.03941
R 6,,,-77.94395,18.03934
NLB 17,,,-77.93529,18.0332
NLB 16,,,-77.93506,18.03313
NLB 15,,,-77.93497,18.03299
NLB 7,,,-77.9348,18.03337
NLB 3,,,-77.93468,18.03355
NLB 14,,,-77.93429,18.04069
NLB 5,,,-77.93441,18.0405
NLB 6,,,-77.93447,18.0402
NLB 1,,,-77.93632,18.03978
NLB 2,,,-77.93523,18.03493
ML 1,,,-77.93415,18.03351
BWT 0,,,-77.93088,18.0405
NLB 0,,,-77.93253,18.04087
NLB 18,,,-77.93206,18.04195
NLB 12,,,-77.93285,18.04189
NLB 13,,,-77.93304,18.04183
NLB 11,,,-77.93298,18.04207
NLB 4,,,-77.93179,18.04151
NLB 19,,,-77.93489,18.0329
NLB 9,,,-77.93857,18.04014
NLB 10,,,-77.93867,18.04025
DT 1,,,-77.94223,18.04165
NB 6,,,-77.94209,18.04109
NB 7,,,-77.9437,18.04111
NB 4,,,-77.94292,18.04355
HT 1,,,-77.93928,18.04717
HT 2,,,-77.93961,18.04719
HT 3,,,-77.93984,18.04737
LIIR I 4,,,-77.93994,18.04593
LIIR I 3,,,-77.93986,18.04561
LIIR I 2,,,-77.93965,18.04567
HB 1,,,-77.9432,18.04724
TH 1,,,-77.93645,18.03939
LIA F.5 2,,,-77.93246,18.04126
NLB 20,,,-77.93478,18.03277
LCL 4,,,-77.94183,18.04419
LCL 5,,,-77.94176,18.0444
NH 1,,,-77.94456,18.04571
LIA F 4.5,,,-77.93179,18.04064
NLB 23,,,-77.93523,18.0328
NLB 22,,,-77.93507,18.03282
NLB 21,,,-77.93498,18.03255
LI B.5 8,,,-77.93457,18.03428
NLB 24,,,-77.93463,18.03336
NLB 25,,,-77.93549,18.03732
RG 1,,,-77.93532,18.0369
NLB 28,,,-77.93566,18.03344
NLB 27,,,-77.9356,18.03313
NLB 26,,,-77.93562,18.03293
NLB 29,,,-77.93597,18.03691
NLB 30,,,-77.93191,18.04212
NLB 33,,,-77.93442,18.03233
NLB 32,,,-77.93456,18.03233
NLB 31,,,-77.93465,18.03206
NLB 34,,,-77.93525,18.03351
NLB 35,,,-77.93575,18.03295
NLB 37,,,-77.93655,18.03411
NLB 38,,,-77.93673,18.03387
MII F.5 7.5,,,-77.94113,18.04085
AMC 1,,,-77.94109,18.04352
CP 1,,,-77.94042,18.04786
CP 2,,,-77.94042,18.04801
CP 3,,,-77.94062,18.04811
L7T 1,,,-77.9417,18.04347
TM 1,,,-77.94089,18.04582
CP 4,,,-77.94092,18.0482
WHB 1,,,-77.9387,18.04082
LR 1,,,-77.93948,18.04464
LR 2,,,-77.93945,18.04491
LR 3,,,-77.93948,18.04513
LR 4,,,-77.93951,18.04544
WHB 6,,,-77.94176,18.04136
PWG 1,,,-77.94173,18.04116
CP 5,,,-77.9405,18.04759
CP 6,,,-77.94025,18.04742
CP 7,,,,
PWG 2,,,-77.94166,18.04127
AMC 106,,,-77.94261,18.04219
CP 8,,,-77.94028,18.04701
CP PATH,,,-77.94005,18.04673
WHB 141,,,-77.94088,18.04356
WHB 143,,,-77.94116,18.04365
YZ 1,,,-77.94337,18.0402
WHB 23,,,-77.94111,18.04793